Workbook

Sheet Pipeline
A1: UK Sales Pipeline Tracker
A2: Stages: Prospect → Qualified → Demo → Negotiation → Closed Won / Closed Lost
A4: Company | B4: Contact Name | C4: Phone | D4: Email | E4: Owner | F4: Framework | G4: Stage | H4: Deal Value (£) | I4: Date Added | J4: Last Updated | K4: Notes
A5: Barclays | B5: James Wilson | C5: +44 20 7116 1000 | D5: j.wilson@barclays.co.uk | E5: Elle Andersen | G5: Negotiation | H5: 75000 | I5: 2026-01-15 | J5: 2026-03-10 | K5: Final pricing review
A6: ▲ EXAMPLE ROW — Enter your deals below ▼

Sheet Summary
A1: Pipeline Summary | G1: Key Metrics (Excl. Closed)
G2: Active Deals | H2: =COUNTIFS(Pipeline!G7:G54,"<>Closed Won",Pipeline!G7:G54,"<>Closed Lost",Pipeline!G7:G54,"<>") -> 0
A3: Stage | B3: Deal Count | C3: Total Value (£) | D3: Avg Value (£) | E3: % of Pipeline | G3: Active Pipeline Value (£) | H3: =SUMIFS(Pipeline!H7:H54,Pipeline!G7:G54,"<>Closed Won",Pipeline!G7:G54,"<>Closed Lost",Pipeline!G7:G54,"<>") -> 0
A4: Prospect | B4: =COUNTIF(Pipeline!G7:G54,A4) -> 0 | C4: =SUMIF(Pipeline!G7:G54,A4,Pipeline!H7:H54) -> 0 | D4: =IFERROR(C4/B4,0) -> 0 | E4: =IFERROR(C4/C$10,0) -> 0 | G4: Avg Deal Size (£) | H4: =IFERROR(H3/H2,0) -> 0
A5: Qualified | B5: =COUNTIF(Pipeline!G7:G54,A5) -> 0 | C5: =SUMIF(Pipeline!G7:G54,A5,Pipeline!H7:H54) -> 0 | D5: =IFERROR(C5/B5,0) -> 0 | E5: =IFERROR(C5/C$10,0) -> 0 | G5: Weighted Value (£) | H5: =SUMPRODUCT((Pipeline!G7:G54="Qualified")*Pipeline!H7:H54*0.25)+SUMPRODUCT((Pipeline!G7:G54="Demo")*Pipeline!H7:H54*0.5)+SUMPRODUCT((Pipeline!G7:G54="Negotiation")*Pipeline!H7:H54*0.75)+SUMPRODUCT((Pipeline!G7:G54="Prospect")*Pipeline!H7:H54*0.1) -> 0
A6: Demo | B6: =COUNTIF(Pipeline!G7:G54,A6) -> 0 | C6: =SUMIF(Pipeline!G7:G54,A6,Pipeline!H7:H54) -> 0 | D6: =IFERROR(C6/B6,0) -> 0 | E6: =IFERROR(C6/C$10,0) -> 0
A7: Negotiation | B7: =COUNTIF(Pipeline!G7:G54,A7) -> 0 | C7: =SUMIF(Pipeline!G7:G54,A7,Pipeline!H7:H54) -> 0 | D7: =IFERROR(C7/B7,0) -> 0 | E7: =IFERROR(C7/C$10,0) -> 0
A8: Closed Won | B8: =COUNTIF(Pipeline!G7:G54,A8) -> 0 | C8: =SUMIF(Pipeline!G7:G54,A8,Pipeline!H7:H54) -> 0 | D8: =IFERROR(C8/B8,0) -> 0 | E8: =IFERROR(C8/C$10,0) -> 0
A9: Closed Lost | B9: =COUNTIF(Pipeline!G7:G54,A9) -> 0 | C9: =SUMIF(Pipeline!G7:G54,A9,Pipeline!H7:H54) -> 0 | D9: =IFERROR(C9/B9,0) -> 0 | E9: =IFERROR(C9/C$10,0) -> 0
A10: Total | B10: =SUM(B4:B9) -> 0 | C10: =SUM(C4:C9) -> 0 | D10: =IFERROR(C10/B10,0) -> 0 | E10: =IFERROR(C10/C10,0) -> 0
A13: Pipeline by Owner
A14: Owner | B14: Deal Count | C14: Total Value (£) | D14: Avg Value (£)
A15: Elle Andersen | B15: =COUNTIF(Pipeline!E7:E54,A15) -> 0 | C15: =SUMIF(Pipeline!E7:E54,A15,Pipeline!H7:H54) -> 0 | D15: =IFERROR(C15/B15,0) -> 0
A16: Tom Easdown | B16: =COUNTIF(Pipeline!E7:E54,A16) -> 0 | C16: =SUMIF(Pipeline!E7:E54,A16,Pipeline!H7:H54) -> 0 | D16: =IFERROR(C16/B16,0) -> 0
A17: Lee Hannaford | B17: =COUNTIF(Pipeline!E7:E54,A17) -> 0 | C17: =SUMIF(Pipeline!E7:E54,A17,Pipeline!H7:H54) -> 0 | D17: =IFERROR(C17/B17,0) -> 0
A18: Stephen Thompson | B18: =COUNTIF(Pipeline!E7:E54,A18) -> 0 | C18: =SUMIF(Pipeline!E7:E54,A18,Pipeline!H7:H54) -> 0 | D18: =IFERROR(C18/B18,0) -> 0
A19: Will Gaskins | B19: =COUNTIF(Pipeline!E7:E54,A19) -> 0 | C19: =SUMIF(Pipeline!E7:E54,A19,Pipeline!H7:H54) -> 0 | D19: =IFERROR(C19/B19,0) -> 0
